Він лисий, але виглядає дуже привабливо;He's bald, but he looks very handsome;0001--Adam_Stone--He_s_bald__but_he_looks_very_handsome.mp3;
Мій дідусь полисів, коли йому було лише тридцять п'ять;My grandfather went bald when he was only thirty-five;0002--Jane--My_grandfather_went_bald_when_he_was_only_thirty_five.mp3;
Ти думаєш, що полисієш у майбутньому?;Do you think you will go bald in the future?;0003--Shelley_Clear_and_confident_British_fe--Do_you_think_you_will_go_bald_in_the_future_.mp3;
Вона не змогла його впізнати, бо він був лисий і не мав окулярів;She couldn't recognise him because he was bald and had no glasses;0004--Archer--She_couldn_t_recognise_him_because_he_was_bald_and_had_no_glasses.mp3;
Якби я був лисим, я б, мабуть, носив капелюх постійно;If I were bald, I would probably wear a hat all the time;0005--Amelia--If_I_were_bald__I_would_probably_wear_a_hat_all_the_time.mp3;
Він ще не лисий, але його волосся рідшає;"He's not bald yet, but his hair is getting thinner";0006--Jane--He_s_not_bald_yet__but_his_hair_is_getting_thinner.mp3;
У нього довга борода, як у Санта Клауса;He has a long beard, like Santa Claus;0007--James_British_Professional_Smooth--He_has_a_long_beard__like_Santa_Claus.mp3;
Мій брат відростив бороду під час локдауну;My brother grew a beard during the lockdown;0008--Grandfather_Joe_Gentle__warm___wise--My_brother_grew_a_beard_during_the_lockdown.mp3;
Ти надаєш перевагу чоловікам з бородою чи поголеним?;Do you prefer men with a beard or clean-shaven?;0009--Eastend_Steve--Do_you_prefer_men_with_a_beard_or_clean_shaven_.mp3;
Він збрив бороду вчора, і тепер виглядає молодше;He shaved his beard yesterday, and now he looks younger;0010--Rachel_M_Pro_British_Radio_Presenter--He_shaved_his_beard_yesterday__and_now_he_looks_younger.mp3;
Якщо ти тримаєш бороду короткою, вона виглядає охайною;If you keep your beard short, it looks tidy;0011--Elizabeth_Professional_British_Narrator--If_you_keep_your_beard_short__it_looks_tidy.mp3;
Його борода була вся в снігу після довгої прогулянки;His beard was full of snow after the long walk;0012--Adam_Stone--His_beard_was_full_of_snow_after_the_long_walk.mp3;
Вони купили великий будинок біля Лондона;They bought a big house near London;0013--Lucy_Fresh___Casual--They_bought_a_big_house_near_London.mp3;
Наприкінці цієї вулиці є великий супермаркет;"There's a big supermarket at the end of this street";0014--Allison_inviting_and_velvety_British_ac--There_s_a_big_supermarket_at_the_end_of_this_street.mp3;
Це найбільша помилка, яку я коли-небудь робив;That's the biggest mistake I've ever made;0015--AImee_ASMR_and_Meditation--That_s_the_biggest_mistake_I_ve_ever_made.mp3;
Якби у нас був великий сад, ми б вирощували свої овочі;If we had a big garden, we would grow our own vegetables;0016--Katie_X_Call_Center_English_Female--If_we_had_a_big_garden__we_would_grow_our_own_vegetables.mp3;
Велика буря наближається сьогодні вночі, тож залишайтеся вдома;A big storm is coming tonight, so stay at home;0017--Northern_Terry--A_big_storm_is_coming_tonight__so_stay_at_home.mp3;
Чому ця сумка така велика? Я не можу її нести!;"Why is this bag so big? I can't carry it!";0018--Allison_inviting_and_velvety_British_ac--Why_is_this_bag_so_big__I_can_t_carry_it_.mp3;
Небо таке синє сьогодні, ні однієї хмаринки;The sky is so blue today, not a single cloud;0020--Elizabeth_Professional_British_Narrator--The_sky_is_so_blue_today__not_a_single_cloud.mp3;
Мій улюблений колір - синій, бо він спокійний;My favourite colour is blue because it's calm;0021--Eastend_Steve--My_favourite_colour_is_blue_because_it_s_calm.mp3;
Він пофарбував стіни у своїй спальні у світло-синій;He painted his bedroom walls light blue;0022--Grandfather_Joe_Gentle__warm___wise--He_painted_his_bedroom_walls_light_blue.mp3;
Чому ти виглядаєш таким сумним? Щось сталося?;Why are you looking so blue? Did something happen?;0023--Amelia--Why_are_you_looking_so_blue__Did_something_happen_.mp3;
Якщо я побачу синю машину зовні, я знатиму, що ти приїхав;"If I see a blue car outside, I'll know you arrived";0024--Samara--If_I_see_a_blue_car_outside__I_ll_know_you_arrived.mp3;
Вона розумна і завжди отримує хороші оцінки в школі;She is clever and always gets good marks at school;0025--Blondie_Conversational--She_is_clever_and_always_gets_good_marks_at_school.mp3;
Мій пес дуже розумний - він може відкрити двері сам(ч. роду);My dog is very clever - he can open the door by himself;0026--Bradford--My_dog_is_very_clever___he_can_open_the_door_by_himself.mp3;
Це була розумна ідея - забронювати квитки онлайн;That was a clever idea to book tickets online;0027--Blondie_Conversational--That_was_a_clever_idea_to_book_tickets_online.mp3;
"Він розумний у ремонті комп'ютерів, але не дуже ладнає з людьми";He's clever at fixing computers, but not so good with people;0028--Elizabeth_Professional_British_Narrator--He_s_clever_at_fixing_computers__but_not_so_good_with_people.mp3;
Якби ти був бвльш розумніший з грошима, у тебе не було б боргів;If you were more clever with money, you wouldn't have debts;0029--Adam_Stone--If_you_were_more_clever_with_money__you_wouldn_t_have_debts.mp3;
Я не думаю, що це розумно - їхати так швидко під дощем;"I don't think it's clever to drive so fast in the rain";0030--Archie_English_teen_youth--I_don_t_think_it_s_clever_to_drive_so_fast_in_the_rain.mp3;
У неї кучеряве чорне волосся, як у її мами;She has curly black hair like her mother;0031--Axell_British_YouTube_Personality--She_has_curly_black_hair_like_her_mother.mp3;
Моє волосся було пряме, але воно стало кучерявим після дощу ;My hair was straight, but it became curly after the rain;0032--Amelia--My_hair_was_straight__but_it_became_curly_after_the_rain.mp3;
Чи надаєш ти перевагу кучерявому чи прямому волоссю?;Do you prefer curly or straight hair?;0033--Bradford--Do_you_prefer_curly_or_straight_hair_.mp3;
У маленької дівчинки є кучеряві світлі кучері, якими усі захоплюються;The little girl has curly blond curls that everyone admires;0034--Elizabeth_Professional_British_Narrator--The_little_girl_has_curly_blond_curls_that_everyone_admires.mp3;
Якби у мене було кучеряве волосся, мені не потрібно було б користуватися феном;If I had curly hair, I wouldn't need to use a hairdryer;0035--James_British_Professional_Smooth--If_I_had_curly_hair__I_wouldn_t_need_to_use_a_hairdryer.mp3;
Він виглядав кумедно у кучерявій перуці на костюмованій вечірці;He looked funny in a curly wig at the costume party;0036--Samara--He_looked_funny_in_a_curly_wig_at_the_costume_party.mp3;
Моя сестра - екстраверт, вона любить знайомитися з новими людьми;My sister is an extravert, she loves meeting new people;0037--Allison_inviting_and_velvety_British_ac--My_sister_is_an_extravert__she_loves_meeting_new_people.mp3;
Екстраверт - це хтось, хто отримує енергію від спілкування з іншими;An extravert is someone who gets energy from talking to others;0038--Katie_X_Call_Center_English_Female--An_extravert_is_someone_who_gets_energy_from_talking_to_others.mp3;
Він такий екстраверт - почав танцювати прямо посеред вулиці;He's such an extravert - he started dancing in the middle of the street;0039--Shelley_Clear_and_confident_British_fe--He_s_such_an_extravert___he_started_dancing_in_the_middle_of_the_stre.mp3;
Ти більше екстраверт чи інтроверт?;Are you more of an extravert or an introvert?;0040--Lucy_Fresh___Casual--Are_you_more_of_an_extravert_or_an_introvert_.mp3;
<div>Вона стала більш екстравертною після того, як приєдналася до драматичного гуртка</div>;She became more extravert after she joined the drama club;0041--Johnny_Kid_Serious--She_became_more_extravert_after_she_joined_the_drama_club.mp3;
Якби я був екстравертом, я б насолоджувався великими вечірками більше;If I were an extravert, I would enjoy big parties more;0042--Amelia--If_I_were_an_extravert__I_would_enjoy_big_parties_more.mp3;
Він був товстим будучи дитиною, але зараз він стрункий і спортивний;He was fat as a child, but now he's slim and sporty;0043--Grandfather_Joe_Gentle__warm___wise--He_was_fat_as_a_child__but_now_he_s_slim_and_sporty.mp3;
Fat означає мати більшу вагу тіла, ніж це є здоровим;Fat means having more body weight than is healthy;0044--Archer--_Fat__means_having_more_body_weight_than_is_healthy.mp3;
Моя кішка така товста, що не може застрибнути на диван;"My cat is so fat that she can't jump on the sofa";0045--Samara--My_cat_is_so_fat_that_she_can_t_jump_on_the_sofa.mp3;
Люди часто їдять фастфуд і швидко товстіють;People often eat fast food and get fat quickly;0046--Johnny_Kid_Serious--People_often_eat_fast_food_and_get_fat_quickly.mp3;
Ти думаєш, що бути товстим - це лише через їжу чи також через спосіб життя?;Do you think being fat is only about food, or also about lifestyle?;0047--Archer--Do_you_think_being_fat_is_only_about_food__or_also_about_lifestyle_.mp3;
Якби я їв шоколад щодня, то, мабуть, погладшав би;If I ate chocolate every day, I would probably get fat;0048--Archer--If_I_ate_chocolate_every_day__I_would_probably_get_fat.mp3;
Наші сусіди дуже привітні й завжди вітаються;Our neighbours are very friendly and always say hello;0049--Archer--Our_neighbours_are_very_friendly_and_always_say_hello.mp3;
Friendly описує когось(людину), яка добра й з нею легко спілкуватися;Friendly describes someone who is kind and easy to talk to;0050--Johnny_Kid_Serious--_Friendly__describes_someone_who_is_kind_and_easy_to_talk_to.mp3;
Продавець був привітний і допоміг мені вибрати куртку;The shop assistant was friendly and helped me choose a jacket;0051--Amelia--The_shop_assistant_was_friendly_and_helped_me_choose_a_jacket.mp3;
Якщо ти будеш привітним, люди захочуть з тобою працювати;If you are friendly, people will want to work with you;0053--Elizabeth_Professional_British_Narrator--If_you_are_friendly__people_will_want_to_work_with_you.mp3;
Учитель був привітний, коли ти попросив допомоги?;Was the teacher friendly when you asked for help?;0054--Northern_Terry--Was_the_teacher_friendly_when_you_asked_for_help_.mp3;
Той фільм був дуже смішний, я не міг перестати сміятися;"That film was really funny, I couldn't stop laughing";0055--Jane--That_film_was_really_funny__I_couldn_t_stop_laughing.mp3;
Funny означає щось, що змушує тебе сміятися або посміхатися;Funny means something that makes you laugh or smile;0056--AImee_ASMR_and_Meditation--_Funny__means_something_that_makes_you_laugh_or_smile.mp3;
Мій молодший брат розповів смішну історію за вечерею;My little brother told a funny story at dinner;0057--Elizabeth_Professional_British_Narrator--My_little_brother_told_a_funny_story_at_dinner.mp3;
Ти знаєш якісь смішні жарти англійською?;Do you know any funny jokes in English?;0058--Northern_Terry--Do_you_know_any_funny_jokes_in_English_.mp3;
Кумедно(Дивно), як швидко минає час, коли ти щасливий;It's funny how quickly time passes when you're happy;0059--Allison_inviting_and_velvety_British_ac--It_s_funny_how_quickly_time_passes_when_you_re_happy.mp3;
Якби я був такий смішний, як він, я б став коміком;If I were funny like him, I would be a comedian;0060--Archie_English_teen_youth--If_I_were_funny_like_him__I_would_be_a_comedian.mp3;
Моя тітка щедра - вона завжди приносить нам подарунки;My aunt is generous - she always brings us gifts;0061--Archie_English_teen_youth--My_aunt_is_generous___she_always_brings_us_gifts.mp3;
Щедра людина любить давати іншим, без очикування чогось взамін;A generous person likes giving to others without expecting anything back;0062--Adam_Stone--A_generous_person_likes_giving_to_others_without_expecting_anything_back.mp3;
Він був достатньо щедрим, щоб заплатити за обід усіх;"He was generous enough to pay for everyone's lunch";0063--Katie_X_Call_Center_English_Female--He_was_generous_enough_to_pay_for_everyone_s_lunch.mp3;
Чому багаті люди не завжди щедрі?;Why are rich people not always generous?;0064--Johnny_Kid_Serious--Why_are_rich_people_not_always_generous_.mp3;
Вона зробила щедрий внесок у місцеву лікарню;She made a generous donation to the local hospital;0065--Adam_Stone--She_made_a_generous_donation_to_the_local_hospital.mp3;
Якщо ти будеш щедрим на свій час(готовий витрачати свій час на інших), люди це оцінять;If you are generous with your time, people will appreciate it;0066--Katie_X_Call_Center_English_Female--If_you_are_generous_with_your_time__people_will_appreciate_it.mp3;
Вона працьовита студентка і навчається щовечора;She's a hard-working student and studies every evening;0067--Grandfather_Joe_Gentle__warm___wise--She_s_a_hard_working_student_and_studies_every_evening.mp3;
Hard-working описує людину, яка працює з енергією та старанням;Hard-working describes someone who works with energy and effort;0068--Archer--_Hard_working__describes_someone_who_works_with_energy_and_effort.mp3;
Мій батько дуже працьовитий - він ніколи не приходить додому раніше 7-ї вечора;My father is very hard-working - he never comes home before seven p.m.;0069--Northern_Terry--My_father_is_very_hard_working___he_never_comes_home_before_7_p_m.mp3;
Люди у твоїй країні працьовиті чи більш розслаблені?;Are people in your country hard-working or more relaxed?;0070--Alexander--Are_people_in_your_country_hard_working_or_more_relaxed_.mp3;
Якщо ти працьовитий, ти можеш досягти майже всього;If you are hard-working, you can achieve almost anything;0071--James_British_Professional_Smooth--If_you_are_hard_working__you_can_achieve_almost_anything.mp3;
Він виглядає втомленим, бо наполегливо працював увесь тиждень;"He looks tired because he's been hard-working all week";0072--Jane--He_looks_tired_because_he_s_been_hard_working_all_week.mp3;
Дякую, що допоміг мені - ти дуже добрий;Thank you for helping me - you are very kind;0073--Lucy_Fresh___Casual--Thank_you_for_helping_me___you_are_very_kind.mp3;
Kind означає бути привітним і турботу про інших людей;Kind means being friendly and caring about other people;0074--Lucy_Fresh___Casual--_Kind__means_being_friendly_and_caring_about_other_people.mp3;
Моя вчителька добра, але також дуже сувора щодо домашніх завдань;My teacher is kind, but also very strict about homework;0075--Alexander--My_teacher_is_kind__but_also_very_strict_about_homework.mp3;
Чи було б це добре з вашого боку відкрити вікно?;Would it be kind of you to open the window?;0076--Johnny_Kid_Serious--Would_it_be_kind_of_you_to_open_the_window_.mp3;
Якщо ти добрий до тварин, вони будуть довіряти тобі;If you are kind to animals, they will trust you;0077--Allison_inviting_and_velvety_British_ac--If_you_are_kind_to_animals__they_will_trust_you.mp3;
Вона була достатньо доброю, щоб показати мені дорогу до вокзалу;She was kind enough to show me the way to the station;0078--Elizabeth_Professional_British_Narrator--She_was_kind_enough_to_show_me_the_way_to_the_station.mp3;
Він такий лінивий, що не хоче навіть помити посуд;He's so lazy, he doesn't even want to wash the dishes;0079--Rachel_M_Pro_British_Radio_Presenter--He_s_so_lazy__he_doesn_t_even_want_to_wash_the_dishes.mp3;
Lazy описує людину, яка не любить працювати чи щось робити;"Lazy describes someone who doesn't like working or doing things";0080--Katie_X_Call_Center_English_Female--_Lazy__describes_someone_who_doesn_t_like_working_or_doing_things.mp3;
Моя кішка лінива зранку, але дуже активна вночі;My cat is lazy in the morning but very active at night;0081--Johnny_Kid_Serious--My_cat_is_lazy_in_the_morning_but_very_active_at_night.mp3;
Чому ти поводишся так ліниво сьогодні?(тимчасовий характер поведінки);Why are you being so lazy today?;0082--Jane--Why_are_you_being_so_lazy_today_.mp3;
Якщо ти залишишся лінивим, то не складеш іспит;"If you stay lazy, you won't pass the exam";0083--Adam_Stone--If_you_stay_lazy__you_won_t_pass_the_exam.mp3;
Я відчував себе лінивим у неділю  і залишався у ліжку до полудня;I felt lazy on Sunday and stayed in bed until noon;0084--Jane--I_felt_lazy_on_Sunday_and_stayed_in_bed_until_noon.mp3;
Вони вирушили в довгу подорож через Європу;They went on a long journey across Europe;0085--Northern_Terry--They_went_on_a_long_journey_across_Europe.mp3;
Long означає щось, що вимірюється великою відстанню або часом;Long means something that measures a great distance or time;0086--Grandfather_Joe_Gentle__warm___wise--_Long__means_something_that_measures_a_great_distance_or_time.mp3;
Її волоcся дуже довге, воно майже дістає до її талії;Her hair is very long, it almost reaches her waist;0087--Archie_English_teen_youth--Her_hair_is_very_long__it_almost_reaches_her_waist.mp3;
<div>Минуло багато часу відтоді, як ми востаннє бачилися</div>;It's been a long time since we last met;0088--Eastend_Steve--It_s_been_a_long_time_since_we_last_met.mp3;
Якщо зустріч буде довгою, ми можемо зробити коротку перерву;If the meeting is long, we can take a short break;0089--AImee_ASMR_and_Meditation--If_the_meeting_is_long__we_can_take_a_short_break.mp3;
Скільки часу займає дорога до Лондона потягом?;How long does it take to get to London by train?;0090--Alexander--How_long_does_it_take_to_get_to_London_by_train_.mp3;
Не будь грубим(злим) до свого молодшого брата;Don't be mean to your little brother;0091--Samara--Don_t_be_mean_to_your_little_brother.mp3;
Mean описує людину, яка недобра або нещедра;Mean describes someone who is unkind or not generous;0092--James_British_Professional_Smooth--_Mean__describes_someone_who_is_unkind_or_not_generous.mp3;
Вона сказала злу річ, і це образило мої почуття;She said a mean thing, and it hurt my feelings;0093--Lucy_Fresh___Casual--She_said_a_mean_thing__and_it_hurt_my_feelings.mp3;
Він виглядає привітним, але іноді він може бути досить злим;He looks friendly, but sometimes he can be quite mean;0094--Grandfather_Joe_Gentle__warm___wise--He_looks_friendly__but_sometimes_he_can_be_quite_mean.mp3;
Якщо ти будеш злим до людей, вони не захочуть допомагати тобі;"If you are mean to people, they won't want to help you";0095--Grandfather_Joe_Gentle__warm___wise--If_you_are_mean_to_people__they_won_t_want_to_help_you.mp3;
Чому він такий грубий, коли говорить з офіціантами?;Why is he so mean when he talks to waiters?;0096--Mia_Moore_Studio_Presenter--Why_is_he_so_mean_when_he_talks_to_waiters_.mp3;
У нього густі чорні вуса;He has a thick black moustache;0097--Katie_X_Call_Center_English_Female--He_has_a_thick_black_moustache.mp3;
Вуса - це волосся, яке росте над верхньою губою чоловіка;"A moustache is hair that grows above a man's upper lip";0098--Bradford--A_moustache_is_hair_that_grows_above_a_man_s_upper_lip.mp3;
Мій дядько збрив вуса після двадцяти років;My uncle shaved off his moustache after twenty years;0099--Archie_English_teen_youth--My_uncle_shaved_off_his_moustache_after_twenty_years.mp3;
Якби у мене були вуса, я б, мабуть, виглядав старше;"If I had a moustache, I'd probably look older";0101--Grandfather_Joe_Gentle__warm___wise--If_I_had_a_moustache__I_d_probably_look_older.mp3;
Він має зайву вагу, бо їсть занадто багато фастфуду;"He's overweight because he eats too much fast food";0103--Jane--He_s_overweight_because_he_eats_too_much_fast_food.mp3;
Overweight означає важчий ніж вважається здоровим;Overweight means heavier than is considered healthy;0104--Axell_British_YouTube_Personality--_Overweight__means_heavier_than_is_considered_healthy.mp3;
<div>Лікар сказав, що я був трохи з надмірною вагою</div>;The doctor said I was slightly overweight;0105--Amelia--The_doctor_said_I_was_slightly_overweight.mp3;
У твоїй країні багато людей із зайвою вагою?;Are there many overweight people in your country?;0106--Samara--Are_there_many_overweight_people_in_your_country_.mp3;
Якщо ти перестанеш тренуватися, ти можеш стати повним(із зайвою вагою);If you stop exercising, you may become overweight;0107--Katie_X_Call_Center_English_Female--If_you_stop_exercising__you_may_become_overweight.mp3;
Вона почувалася нещасною, бо її пес мав зайву вагу;She felt unhappy because her dog was overweight;0108--Katie_X_Call_Center_English_Female--She_felt_unhappy_because_her_dog_was_overweight.mp3;
Бібліотека завжди тиха, тому ти можеш навчатися там.;The library is always quiet, so you can study there;0109--Rachel_M_Pro_British_Radio_Presenter--The_library_is_always_quiet__so_you_can_study_there_.mp3;
Quiet означає створювати мало або зовсім не створювати шуму;Quiet means making little or no noise;0110--Eastend_Steve--_Quiet__means_making_little_or_no_noise_.mp3;
Вона тиха людина й мало говорить у компанії людей(не говорить багато у групах).;She's a quiet person and doesn't talk much in groups;0111--Blondie_Conversational--She_s_a_quiet_person_and_doesn_t_talk_much_in_groups_.mp3;
Будь тихий, немовля спить!;Be quiet, the baby is sleeping!;0112--Mia_Moore_Studio_Presenter--Be_quiet__the_baby_is_sleeping_.mp3;
Якщо вулиця буде тихою сьогодні ввечері, ми зможемо добре поспати.(У нас буде можливість добре виспатися);If the street is quiet tonight, we can sleep well;0113--Axell_British_YouTube_Personality--If_the_street_is_quiet_tonight__we_can_sleep_well_.mp3;
Чи був офіс тихим, коли ти прийшов сьогодні зранку?;Was the office quiet when you arrived this morning?;0114--Alexander--Was_the_office_quiet_when_you_arrived_this_morning_.mp3;
Вона одягла червону сукню на вечірку.;She wore a red dress to the party;0115--Johnny_Kid_Serious--She_wore_a_red_dress_to_the_party_.mp3;
Red — це колір крові та стиглої полуниці.;Red is the colour of blood and ripe strawberries;0116--Shelley_Clear_and_confident_British_fe--_Red__is_the_colour_of_blood_and_ripe_strawberries_.mp3;
Його обличчя почервоніло, коли всі подивилися на нього.;His face turned red when everyone looked at him;0117--Johnny_Kid_Serious--His_face_turned_red_when_everyone_looked_at_him_.mp3;
Я купив червону парасольку, бо її добре видно;I bought a red umbrella because it's easy to see;0118--Jane--I_bought_a_red_umbrella_because_it_s_easy_to_see_.mp3;
Якщо світлофор червоний, потрібно зупинитися.;If the traffic light is red, you must stop;0119--Shelley_Clear_and_confident_British_fe--If_the_traffic_light_is_red__you_must_stop_.mp3;
Чому твої очі такі червоні?;Why are your eyes so red?;0120--Shelley_Clear_and_confident_British_fe--Why_are_your_eyes_so_red_.mp3;
Вона виглядає серйозною, але насправді дуже смішна.;She looks serious, but actually she's very funny;0121--Bradford--She_looks_serious__but_actually_she_s_very_funny_.mp3;
Serious означає не жартівливий, важливий або такий, що показує глибокі думки.;Serious means not joking, important, or showing deep thought;0122--Johnny_Kid_Serious--_Serious__means_not_joking__important__or_showing_deep_thought_.mp3;
Він зробив серйозну помилку на роботі вчора.;He made a serious mistake at work yesterday;0123--Rachel_M_Pro_British_Radio_Presenter--He_made_a_serious_mistake_at_work_yesterday_.mp3;
Ти серйозно, чи просто жартуєш?;Are you serious, or are you just joking?;0124--Samara--Are_you_serious__or_are_you_just_joking_.mp3;
Якщо це серйозна проблема, слід зателефонувати лікарю.;If it's a serious problem, you should call the doctor;0125--Bradford--If_it_s_a_serious_problem__you_should_call_the_doctor_.mp3;
Вона завжди дуже серйозна перед іспитом.;She's always very serious before an exam;0126--Axell_British_YouTube_Personality--She_s_always_very_serious_before_an_exam_.mp3;
Він досить низький, але дуже сильний.;He is quite short, but very strong;0127--Rachel_M_Pro_British_Radio_Presenter--He_is_quite_short__but_very_strong_.mp3;
Short означає невисокий на зріст або нетривалий у довжині/часі.;Short means not tall in height, or not long in length/time;0128--James_British_Professional_Smooth--_Short__means_not_tall_in_height__or_not_long_in_length_time_.mp3;
Ця спідниця занадто коротка для школи.;This skirt is too short for school;0129--Allison_inviting_and_velvety_British_ac--This_skirt_is_too_short_for_school_.mp3;
Урок був короткий, лише тридцять хвилин.;The lesson was short, only thirty minutes;0130--Lucy_Fresh___Casual--The_lesson_was_short__only_thirty_minutes_.mp3;
Якщо твоя промова буде короткою, люди уважно слухатимуть.;If your speech is short, people will listen carefully;0131--Lucy_Fresh___Casual--If_your_speech_is_short__people_will_listen_carefully_.mp3;
Чому твоє волосся таке коротке тепер?;Why is your hair so short now?;0132--Katie_X_Call_Center_English_Female--Why_is_your_hair_so_short_now_.mp3;
Новий учень дуже сором'язливий і мало говорить.;The new student is very shy and doesn't talk much;0133--Mia_Moore_Studio_Presenter--The_new_student_is_very_shy_and_doesn_t_talk_much_.mp3;
Shy описує людину, хто нервує або почувається некомфортно(ніяково) серед людей;Shy describes someone who is nervous or uncomfortable with people;0134--Adam_Stone--_Shy__describes_someone_who_is_nervous_or_uncomfortable_with_people_.mp3;
Моя молодша сестра була сором'язливою спочатку, але потім почала гратися.;My little sister was shy at first, but then she started playing;0135--Alexander--My_little_sister_was_shy_at_first__but_then_she_started_playing_.mp3;
"Ти сором'язливий, коли знайомишся з незнайомими людьми?";Are you shy when you meet strangers?;0136--Allison_inviting_and_velvety_British_ac--Are_you_shy_when_you_meet_strangers_.mp3;
Якщо ти сором'язливий, то важче говорити англійською на публіці.;If you are shy, it's harder to speak English in public;0137--Archer--If_you_are_shy__it_s_harder_to_speak_English_in_public_.mp3;
Він виглядав сором'язливим, коли дава(робив) свою першу презентацію.;He looked shy when he gave his first presentation;0138--Shelley_Clear_and_confident_British_fe--He_looked_shy_when_he_gave_his_first_presentation_.mp3;
Вона струнка, бо тренується щодня.;She is slim because she exercises every day;0139--Eastend_Steve--She_is_slim_because_she_exercises_every_day_.mp3;
Slim означає худий у привабливий спосіб.;Slim means thin in an attractive way;0140--Lucy_Fresh___Casual--_Slim__means_thin_in_an_attractive_way_.mp3;
Він виглядав струнким у тому новому костюмі.;He looked slim in that new suit;0141--Alexander--He_looked_slim_in_that_new_suit_.mp3;
Мої шанси виграти в лотерею дуже малі(не такі великі як очикую);My chances of winning the lottery are very slim;0142--Archie_English_teen_youth--My_chances_of_winning_the_lottery_are_very_slim_.mp3;
Якщо хочеш залишатися струнким, уникай їсти забагато цукру;If you want to stay slim, avoid eating too much sugar;0143--Lucy_Fresh___Casual--If_you_want_to_stay_slim__avoid_eating_too_much_sugar_.mp3;
Вона завжди була стрункою чи нещодавно схудла?;Was she always slim, or did she lose weight recently?;0144--James_British_Professional_Smooth--Was_she_always_slim__or_did_she_lose_weight_recently_.mp3;
Straight означає не вигнутий, без згинів чи поворотів;Straight means not curved, without bends or turns;0146--Archie_English_teen_youth--_Straight__means_not_curved__without_bends_or_turns_.mp3;
Іди прямо вперед, і ти побачиш автостанцію ліворуч від тебе.;Go straight ahead and you'll see the bus station on your left;0147--Archie_English_teen_youth--Go_straight_ahead_and_you_ll_see_the_bus_station_on_your_left_.mp3;
Він дав мені прямолінійну відповідь, без жартів цього разу .;He gave me a straight answer, no jokes this time;0148--Allison_inviting_and_velvety_British_ac--He_gave_me_a_straight_answer__no_jokes_this_time_.mp3;
Якби дорога була прямою, подорож була б набагато швидшою.;If the road were straight, the journey would be much faster;0149--Shelley_Clear_and_confident_British_fe--If_the_road_were_straight__the_journey_would_be_much_faster_.mp3;
Чи є річка Темза прямою, чи вона звивається через Лондон?;Is the River Thames straight or does it curve through London?;0150--Mia_Moore_Studio_Presenter--Is_the_River_Thames_straight_or_does_it_curve_through_London_.mp3;
Я зробив дурну помилку у своєму тесті з математики.;I made a stupid mistake in my maths test;0151--Axell_British_YouTube_Personality--I_made_a_stupid_mistake_in_my_maths_test_.mp3;
Stupid означає нерозумний, який демонструє відсутність здорового глузду.;Stupid means not clever, showing a lack of good sense.;0152--Archer--_Stupid__means_not_clever__showing_a_lack_of_good_sense_.mp3;
Не називай людей дурними, це недобре.;Don't call people stupid, it's not kind;0153--Archer--Don_t_call_people_stupid__it_s_not_kind_.mp3;
Він почувався дурнем, коли забув свій квиток на потяг удома.;He felt stupid when he forgot his train ticket at home;0154--Rachel_M_Pro_British_Radio_Presenter--He_felt_stupid_when_he_forgot_his_train_ticket_at_home_.mp3;
Якщо ти так швидко їдеш під дощем — це нерозумно й небезпечно.;If you drive so fast in the rain, it's stupid and dangerous;0155--Mia_Moore_Studio_Presenter--If_you_drive_so_fast_in_the_rain__it_s_stupid_and_dangerous_.mp3;
Це було нерозумно з мого боку — вірити тій старій рекламі?;Was it stupid of me to believe that old advert?;0156--Mia_Moore_Studio_Presenter--Was_it_stupid_of_me_to_believe_that_old_advert_.mp3;
Talkative описує людину, яка любить багато говорити.;Talkative describes someone who likes speaking a lot;0158--Eastend_Steve--_Talkative__describes_someone_who_likes_speaking_a_lot_.mp3;
Наш таксист у Лондоні був дуже балакучим і розповідав нам смішні історії.;Our taxi driver in London was really talkative and told us funny stories;0159--Archie_English_teen_youth--Our_taxi_driver_in_London_was_really_talkative_and_told_us_funny_stories_.mp3;
Ти балакучий, коли знайомишся з новими людьми, чи більш тихий?;Are you talkative when you meet new people, or more quiet?;0160--Amelia--Are_you_talkative_when_you_meet_new_people__or_more_quiet_.mp3;
Він став більш балакучим після пінти у пабі.;He became more talkative after a pint at the pub;0161--Elizabeth_Professional_British_Narrator--He_became_more_talkative_after_a_pint_at_the_pub_.mp3;
Якби вона не була такою балакучою, зустріч закінчилася б раніше.;If she weren't so talkative, the meeting would finish earlier;0162--Blondie_Conversational--If_she_weren_t_so_talkative__the_meeting_would_finish_earlier_.mp3;
Він дуже високий, набагато вищий за свого молодшого брата.;He's very tall, much taller than his younger brother;0163--Samara--He_s_very_tall__much_taller_than_his_younger_brother_.mp3;
Tall означає мати быльше за середній зріст.;Tall means having a greater than average height;0164--Jane--_Tall__means_having_a_greater_than_average_height_.mp3;
Шард у Лондоні — найвища будівля у ЮК.;The Shard in London is the tallest building in the UK;0165--Archie_English_teen_youth--The_Shard_in_London_is_the_tallest_building_in_the_UK_.mp3;
Мій друг достатньо високий, щоб грати у баскетбол за його шкільну команду;My friend is tall enough to play basketball for his school team;0166--Archie_English_teen_youth--My_friend_is_tall_enough_to_play_basketball_for_his_school_team_.mp3;
Учитель був високий чи низький? Я не можу згадати;Was the teacher tall or short? I can't remember;0167--Grandfather_Joe_Gentle__warm___wise--Was_the_teacher_tall_or_short__I_can_t_remember_.mp3;
Він виглядає дуже худим, бо він не їсть багато;He looks very thin because he doesn't eat much;0168--Grandfather_Joe_Gentle__warm___wise--He_looks_very_thin_because_he_doesn_t_eat_much_.mp3;
Thin означає мати мало жиру або неширокий;Thin means having little fat or not wide;0169--Shelley_Clear_and_confident_British_fe--_Thin__means_having_little_fat_or_not_wide_.mp3;
Вона одягла тонке пальто, хоча на вулиці було холодно.;She wore a thin coat, even though it was cold outside;0170--Elizabeth_Professional_British_Narrator--She_wore_a_thin_coat__even_though_it_was_cold_outside_.mp3;
Папір занадто тонкий, ти можеш бачити через нього;The paper is too thin, you can see through it;0171--Shelley_Clear_and_confident_British_fe--The_paper_is_too_thin__you_can_see_through_it_.mp3;
Якщо ти продовжиш їсти лише салати, ти станеш дуже худим.;If you keep eating only salads, you'll become very thin;0172--Lucy_Fresh___Casual--If_you_keep_eating_only_salads__you_ll_become_very_thin_.mp3;
Чому лід такий тонкий на озері  цього року?;Why is the ice so thin on the lake this year?;0173--Jane--Why_is_the_ice_so_thin_on_the_lake_this_year_.mp3;
Продавець був непривітний і не хотів допомагати.;The shop assistant was unfriendly and didn't want to help;0174--Archie_English_teen_youth--The_shop_assistant_was_unfriendly_and_didn_t_want_to_help_.mp3;
Unfriendly означає недобрий, неприємний або негостинний.;Unfriendly means not kind, not pleasant, or not welcoming;0175--Axell_British_YouTube_Personality--_Unfriendly__means_not_kind__not_pleasant__or_not_welcoming_.mp3;
Їхні сусіди непривітні й ніколи не вітаються.;Their neighbours are unfriendly and never say hello;0176--James_British_Professional_Smooth--Their_neighbours_are_unfriendly_and_never_say_hello_.mp3;
Він кинув на мене непривітний погляд, коли я поставив питання.;He gave me an unfriendly look when I asked a question;0177--Lucy_Fresh___Casual--He_gave_me_an_unfriendly_look_when_I_asked_a_question_.mp3;
Якщо люди непривітні, важко заводити нових друзів.;If people are unfriendly, it's hard to make new friends;0178--James_British_Professional_Smooth--If_people_are_unfriendly__it_s_hard_to_make_new_friends_.mp3;
Офіціант справді був непривітний чи ти просто був втомлений?;Was the waiter really unfriendly, or were you just tired?;0179--Grandfather_Joe_Gentle__warm___wise--Was_the_waiter_really_unfriendly__or_were_you_just_tired_.mp3;
Було недобре з його боку сміятися з її помилки.;It was unkind of him to laugh at her mistake;0180--Archie_English_teen_youth--It_was_unkind_of_him_to_laugh_at_her_mistake_.mp3;
Unkind означає не добрий, недружній або образливий.;Unkind means not kind, unfriendly, or hurtful;0181--Bradford--_Unkind__means_not_kind__unfriendly__or_hurtful_.mp3;
Вона отримала недобрий коментар у соцмережах.;She got an unkind comment on social media;0182--Katie_X_Call_Center_English_Female--She_got_an_unkind_comment_on_social_media_.mp3;
Учитель був суворим, але ніколи не був недобрим.;The teacher was strict but never unkind;0183--Jane--The_teacher_was_strict_but_never_unkind_.mp3;
Якщо ти недоброзичливий(жорстокий) до тварин, люди не будуть тебе поважати.;If you are unkind to animals, people won't respect you;0184--Adam_Stone--If_you_are_unkind_to_animals__people_won_t_respect_you_.mp3;
Хіба не було це трохи недобрим ігнорувати його так?;Wasn't it a bit unkind to ignore him like that?;0185--Northern_Terry--Wasn_t_it_a_bit_unkind_to_ignore_him_like_that_.mp3;
Вона дуже приваблива і має гарну усмішку.;She's very attractive and has a lovely smile;0186--James_British_Professional_Smooth--She_s_very_attractive_and_has_a_lovely_smile_.mp3;
Attractive означає приємний на вигляд або цікавий.;Attractive means pleasing to look at or interesting;0187--Mia_Moore_Studio_Presenter--_Attractive__means_pleasing_to_look_at_or_interesting_.mp3;
Він працює у привабливій старій будівлі в Оксфорді.;He works in an attractive old building in Oxford;0188--James_British_Professional_Smooth--He_works_in_an_attractive_old_building_in_Oxford_.mp3;
Та пропозиція роботи звучить привабливо через гарну зарплату.;That job offer sounds attractive because of the good salary;0189--Archer--That_job_offer_sounds_attractive_because_of_the_good_salary_.mp3;
Якщо ти вдягнешся охайно, ти виглядатимеш більш привабливо на співбесіді.;If you dress smartly, you'll look more attractive at the interview;0190--Katie_X_Call_Center_English_Female--If_you_dress_smartly__you_ll_look_more_attractive_at_the_interview_.mp3;
Ти вважаєш Лондон привабливим містом для життя?;Do you think London is an attractive city to live in?;0191--Shelley_Clear_and_confident_British_fe--Do_you_think_London_is_an_attractive_city_to_live_in_.mp3;
Це гарний день, давай підемо гуляти в парк.;It's a beautiful day, let's go for a walk in the park;0192--Allison_inviting_and_velvety_British_ac--It_s_a_beautiful_day__let_s_go_for_a_walk_in_the_park_.mp3;
Beautiful означає дуже гарненький(милий), що дарує задоволення почуттям;Beautiful means very pretty, giving pleasure to the senses;0193--Johnny_Kid_Serious--_Beautiful__means_very_pretty__giving_pleasure_to_the_senses_.mp3;
Вона одягла гарну сукню на весілля.;She wore a beautiful dress at the wedding;0194--Adam_Stone--She_wore_a_beautiful_dress_at_the_wedding_.mp3;
Шотландії має красиві гори й озера.;Scotland has beautiful mountains and lakes;0195--Lucy_Fresh___Casual--Scotland_has_beautiful_mountains_and_lakes_.mp3;
Якщо погода залишиться гарною, ми влаштуємо пікнік.;If the weather stays beautiful, we'll have a picnic;0196--Johnny_Kid_Serious--If_the_weather_stays_beautiful__we_ll_have_a_picnic_.mp3;
Хіба та музична композиція не була абсолютно прекрасною?;Wasn't that piece of music absolutely beautiful?;0197--Amelia--Wasn_t_that_piece_of_music_absolutely_beautiful_.mp3;
У неї довге світле волосся, як у її мами.;She has long blonde hair, like her mother;0198--Bradford--She_has_long_blonde_hair__like_her_mother_.mp3;
Blonde описує волосся яке є світло-жовтого кольору.;Blonde describes hair that is light yellow in colour;0199--Axell_British_YouTube_Personality--_Blonde__describes_hair_that_is_light_yellow_in_colour_.mp3;
У старих голлівудських фільмах багато світловолосих акторів.;There are many blonde actors in old Hollywood films;0200--Archer--There_are_many_blonde_actors_in_old_Hollywood_films_.mp3;
Моя подруга стала блондинкою минулого літа, і це їй пасує.;My friend went blonde last summer and it suits her;0201--James_British_Professional_Smooth--My_friend_went_blonde_last_summer_and_it_suits_her_.mp3;
Якщо ти пофарбуєш волосся у блонд, воно потребуватиме більше догляду.;If you dye your hair blonde, it will need more care;0202--Northern_Terry--If_you_dye_your_hair_blonde__it_will_need_more_care_.mp3;
Учителька була блондинка чи брюнетка? Я не пам'ятаю.;Was the teacher blonde or brunette? I don't remember;0203--Adam_Stone--Was_the_teacher_blonde_or_brunette__I_don_t_remember_.mp3;
Він дуже гарний на вигляд і завжди привертає увагу.;He's very good-looking and always gets attention;0204--Bradford--He_s_very_good_looking_and_always_gets_attention_.mp3;
Good-looking означає привабливий на вигляд.;Good-looking means attractive in appearance;0205--Elizabeth_Professional_British_Narrator--_Good_looking__means_attractive_in_appearance_.mp3;
"Пара виглядала гарно(гарною на вигляд) на своїх весільних фото.";The couple looked good-looking in their wedding photos;0206--Samara--The_couple_looked_good_looking_in_their_wedding_photos_.mp3;
Вона думає, її сусід привабливий(гарно виглядаючий), але трохи неприязний;She thinks her neighbour is good-looking but a bit unfriendly;0207--Northern_Terry--She_thinks_her_neighbour_is_good_looking_but_a_bit_unfriendly_.mp3;
Ти згоден, що він гарний на вигляд, чи не дуже?;"Do you agree that he's good-looking, or not really?";0209--Amelia--Do_you_agree_that_he_s_good_looking__or_not_really_.mp3;
Він високий, гарний чоловік із темним волоссям.;He's a tall, handsome man with dark hair;0210--Allison_inviting_and_velvety_British_ac--He_s_a_tall__handsome_man_with_dark_hair_.mp3;
Handsome зазвичай описує привабливого чоловіка.;Handsome usually describes an attractive man;0211--Elizabeth_Professional_British_Narrator--_Handsome__usually_describes_an_attractive_man_.mp3;
Актор виглядав дуже гарним у тому класичному британському фільмі.;The actor looked very handsome in that classic British film;0212--Johnny_Kid_Serious--The_actor_looked_very_handsome_in_that_classic_British_film_.mp3;
Вона подарувала йому гарну усмішку, коли вони зустрілися.;She gave him a handsome smile when they met;0213--Lucy_Fresh___Casual--She_gave_him_a_handsome_smile_when_they_met_.mp3;
Якби він не був таким гарним, чи був би він все ще популярним?;"If he weren't so handsome, would he still be popular?";0214--Grandfather_Joe_Gentle__warm___wise--If_he_weren_t_so_handsome__would_he_still_be_popular_.mp3;
Хіба принца Вільяма не вважають гарним чоловіком у Британії?;"Isn't Prince William considered a handsome man in the UK?";0215--Amelia--Isn_t_Prince_William_considered_a_handsome_man_in_the_UK_.mp3;
Він носив чорний ремінь зі своїми джинсами.;He wore a black belt with his jeans;0216--Jane--He_wore_a_black_belt_with_his_jeans_.mp3;
Пояс - це частина одягу, яку ви носите навколо талії;A belt is a piece of clothing you wear around your waist;0217--Amelia--A_belt_is_a_piece_of_clothing_you_wear_around_your_waist_.mp3;
Шкільна форма у Британії іноді включає ремінь.;School uniforms in the UK sometimes include a belt;0218--Mia_Moore_Studio_Presenter--School_uniforms_in_the_UK_sometimes_include_a_belt_.mp3;
Можеш затягнути ремінь? Він занадто вільний.;Can you tighten the belt? It's too loose;0219--Eastend_Steve--Can_you_tighten_the_belt__It_s_too_loose_.mp3;
Якщо я не надягну ремінь, мої штани спадають.;If I don't wear a belt, my trousers fall down;0220--Mia_Moore_Studio_Presenter--If_I_don_t_wear_a_belt__my_trousers_fall_down_.mp3;
Де ти купив той шкіряний ремінь?;Where did you buy that leather belt?;0221--Grandfather_Joe_Gentle__warm___wise--Where_did_you_buy_that_leather_belt_.mp3;
Вона купила нові чоботи на зиму.;She bought new boots for the winter;0222--Alexander--She_bought_new_boots_for_the_winter_.mp3;
Чоботи — це міцне взуття, яке закриває стопи й щиколотки.;Boots are strong shoes that cover your feet and ankles;0223--Amelia--Boots_are_strong_shoes_that_cover_your_feet_and_ankles_.mp3;
У Британії люди часто носять гумові чоботи (веллінгтони), коли йде дощ.;In Britain, people often wear wellington boots when it rains;0224--Samara--In_Britain__people_often_wear_wellington_boots_when_it_rains_.mp3;
Його чоботи були брудні після прогулянки в сільській місцевості.;His boots were dirty after the walk in the countryside;0225--Archie_English_teen_youth--His_boots_were_dirty_after_the_walk_in_the_countryside_.mp3;
Якщо твої чоботи занадто малі, ноги будуть боліти.;If your boots are too small, your feet will hurt;0226--Elizabeth_Professional_British_Narrator--If_your_boots_are_too_small__your_feet_will_hurt_.mp3;
Тобі потрібні похідні черевики для цієї подорожі?;Do you need hiking boots for this trip?;0227--Jane--Do_you_need_hiking_boots_for_this_trip_.mp3;
Вона отримала срібний браслет на день народження.;She got a silver bracelet for her birthday;0228--Shelley_Clear_and_confident_British_fe--She_got_a_silver_bracelet_for_her_birthday_.mp3;
Браслет - це частина прикраси, яку ти носиш навколо твого зап’ястя;A bracelet is a piece of jewellery you wear around your wrist;0229--Rachel_M_Pro_British_Radio_Presenter--A_bracelet_is_a_piece_of_jewellery_you_wear_around_your_wrist_.mp3;
Він купив відповідні(парні) браслети для себе та своєї дівчини.;He bought matching bracelets for himself and his girlfriend;0230--Eastend_Steve--He_bought_matching_bracelets_for_himself_and_his_girlfriend_.mp3;
Тобі дозволено носити браслети у твоїй школі?;Are you allowed to wear bracelets at your school?;0231--Alexander--Are_you_allowed_to_wear_bracelets_at_your_school_.mp3;
Якщо браслет занадто тісний, його незручно носити.;If the bracelet is too tight, it's uncomfortable to wear;0232--Archer--If_the_bracelet_is_too_tight__it_s_uncomfortable_to_wear_.mp3;
Той браслет виглядає гарно з твоєю сукнею.;That bracelet looks beautiful with your dress;0233--Mia_Moore_Studio_Presenter--That_bracelet_looks_beautiful_with_your_dress_.mp3;
Він носив кепку з логотипом своєї футбольної команди.;He wore a cap with his football team's logo;0235--Adam_Stone--He_wore_a_cap_with_his_football_team_s_logo_.mp3;
Кепка — це м'який капелюх із плоским козирком спереду.;A cap is a soft hat with a flat peak at the front;0236--Northern_Terry--A_cap_is_a_soft_hat_with_a_flat_peak_at_the_front_.mp3;
Багато британських шкільних форм включають кепку.;Many British school uniforms include a cap;0237--Johnny_Kid_Serious--Many_British_school_uniforms_include_a_cap_.mp3;
Сьогодні сонячно, тож візьміть із собою кепку.;It's sunny today, so take a cap with you;0238--George--It_s_sunny_today__so_take_a_cap_with_you_.mp3;
Якщо носити кепку задом наперед, це виглядає більш неформально.;If you wear a cap backwards, it looks more casual;0239--Bradford--If_you_wear_a_cap_backwards__it_looks_more_casual_.mp3;
Де ти купив ту червону кепку?;Where did you buy that red cap?;0240--Mia_Moore_Studio_Presenter--Where_did_you_buy_that_red_cap_.mp3;
Вона одягла теплий кардиган поверх своеї блузки.;She wore a warm cardigan over her blouse;0241--Blondie_Conversational--She_wore_a_warm_cardigan_over_her_blouse_.mp3;
Кардиган — це в'язана кофта, зазвичай із ґудзиками спереду(уздовж передньої частини);A cardigan is a knitted jacket, usually with buttons down the front;0242--Archer--A_cardigan_is_a_knitted_jacket__usually_with_buttons_down_the_front_.mp3;
У Британії люди часто носять кардигани в офісі.;In the UK, people often wear cardigans at the office;0243--Archer--In_the_UK__people_often_wear_cardigans_at_the_office_.mp3;
Він одягнув кардиган, бо надворі було прохолодно.;He put on a cardigan because it was chilly outside;0244--Elizabeth_Professional_British_Narrator--He_put_on_a_cardigan_because_it_was_chilly_outside_.mp3;
Якщо твій кардиган занадто великий, він виглядає неохайно.;If your cardigan is too big, it looks untidy;0245--James_British_Professional_Smooth--If_your_cardigan_is_too_big__it_looks_untidy_.mp3;
Ти віддаєш перевагу куртці на блискавці чи кардигану на ґудзиках?;Do you prefer a zip jacket or a buttoned cardigan?;0246--Samara--Do_you_prefer_a_zip_jacket_or_a_buttoned_cardigan_.mp3;
Він ніс важку сумку вгору сходами;He carried a heavy bag up the stairs;0247--Archie_English_teen_youth--He_carried_a_heavy_bag_up_the_stairs_.mp3;
Carry означає тримати щось і переносити з одного місця в інше.;To carry means to hold something and take it from one place to another;0248--Allison_inviting_and_velvety_British_ac--To_carry_means_to_hold_something_and_take_it_from_one_place_to_anoth.mp3;
Вона завжди носить парасольку у Британії — про всяк випадок, якщо піде дощ.;She always carries an umbrella in Britain - just in case it rains;0249--Bravefart--She_always_carries_an_umbrella_in_Britain___just_in_case_it_rains_.mp3;
Можеш занести ці стільці в зал?;Can you carry these chairs into the hall?;0250--Nikhil___Young_Conversational_Voice--Can_you_carry_these_chairs_into_the_hall_.mp3;
Якщо ти нестимеш занадто багато сумок для покупок, у тебе болітимуть руки.;If you carry too many shopping bags, your hands will hurt;0251--Samara--If_you_carry_too_many_shopping_bags__your_hands_will_hurt_.mp3;
Чому ти несеш пальто, а не вдягаєш його?(PC);Why are you carrying your coat instead of wearing it?;0252--Alexander--Why_are_you_carrying_your_coat_instead_of_wearing_it_.mp3;
Одягни пальто, на вулиці холодно.;Put on your coat, it's cold outside;0253--George--Put_on_your_coat__it_s_cold_outside_.mp3;
Пальто — це частина одягу, яке ти носиш поверх іншого одягу, щоб зберегти тепло.;A coat is a piece of clothing you wear over other clothes to keep warm;0254--Elizabeth_Professional_British_Narrator--A_coat_is_a_piece_of_clothing_you_wear_over_other_clothes_to_keep_wa.mp3;
У Британії потрібне гарне пальто для дощової погоди.;In Britain, you need a good coat for the rainy weather;0255--James_British_Professional_Smooth--In_Britain__you_need_a_good_coat_for_the_rainy_weather_.mp3;
Вона купила довге зимове пальто в універмазі.;She bought a long winter coat at the department store;0256--Katie_X_Call_Center_English_Female--She_bought_a_long_winter_coat_at_the_department_store_.mp3;
Ти вважаєш, що чорне пальто виглядає елегантніше за коричневе?;Do you think a black coat looks smarter than a brown one?;0258--Axell_British_YouTube_Personality--Do_you_think_a_black_coat_looks_smarter_than_a_brown_one_.mp3;
Вона швидко вдяглася й побігла до школи.;She dressed quickly and ran to school;0259--Mia_Moore_Studio_Presenter--She_dressed_quickly_and_ran_to_school_.mp3;
Dress означає одягати себе або когось іншого.;To dress means to put clothes on yourself or someone else;0260--Blondie_Conversational--To_dress_means_to_put_clothes_on_yourself_or_someone_else_.mp3;
Британці часто вдягаються офіційно на співбесіди.;British people often dress formally for job interviews;0261--Archer--British_people_often_dress_formally_for_job_interviews_.mp3;
Як ти зазвичай вдягаєшся взимку?;How do you usually dress in winter?;0262--Jane--How_do_you_usually_dress_in_winter_.mp3;
Якщо ти одягнешся тепло, то не застудишся;If you dress warmly, you won't catch a cold;0263--Katie_X_Call_Center_English_Female--If_you_dress_warmly__you_won_t_catch_a_cold_.mp3;
Він був вдягнений як джентльмен з 19-го століття.;He was dressed like a gentleman from the nineteenth century;0264--Allison_inviting_and_velvety_British_ac--He_was_dressed_like_a_gentleman_from_the_19th_century_.mp3;
Вона носила золоті сережки на весіллі.;She wore gold earrings at the wedding;0265--Grandfather_Joe_Gentle__warm___wise--She_wore_gold_earrings_at_the_wedding_.mp3;
Сережки — це частини прикраси, які ви носите на вухах;Earrings are pieces of jewellery that you wear on your ears;0266--Shelley_Clear_and_confident_British_fe--Earrings_are_pieces_of_jewellery_that_you_wear_on_your_ears_.mp3;
У деяких британських школах учням заборонено носити великі сережки.;In some British schools, students are not allowed to wear big earrings;0267--Samara--In_some_British_schools__students_are_not_allowed_to_wear_big_earrings_.mp3;
Я купив нові срібні сережки у магазині в Кардіффі.;I bought new silver earrings in a shop in Cardiff;0268--Alexander--I_bought_new_silver_earrings_in_a_shop_in_Cardiff_.mp3;
Якщо твої сережки занадто важкі, у тебе болітимуть вуха.;If your earrings are too heavy, your ears will hurt;0269--Katie_X_Call_Center_English_Female--If_your_earrings_are_too_heavy__your_ears_will_hurt_.mp3;
Куди ти поклала свої сережки? Я не можу їх бачити;Where did you put your earrings? I can't see them;0270--Elizabeth_Professional_British_Narrator--Where_did_you_put_your_earrings__I_can_t_see_them_.mp3;
Він одягнув теплі рукавички перед тим, як вийти на вулицю.;He put on warm gloves before going outside;0271--Archie_English_teen_youth--He_put_on_warm_gloves_before_going_outside_.mp3;
Рукавички – це предмети одягу, які ви носите на руках.;Gloves are pieces of clothing you wear on your hands;0272--Jane--Gloves_are_pieces_of_clothing_you_wear_on_your_hands_.mp3;
У Британії люди часто носять рукавички взимку, а іноді й восени.;In Britain, people often wear gloves in winter and sometimes in autumn too;0273--Lucy_Fresh___Casual--In_Britain__people_often_wear_gloves_in_winter_and_sometimes_in_autumn_too_.mp3;
Вона загубила одну зі своїх рукавичок в автобусі.;She lost one of her gloves on the bus;0274--Northern_Terry--She_lost_one_of_her_gloves_on_the_bus_.mp3;
Якщо носитимеш рукавички, твої руки не замерзнуть.;If you wear gloves, your hands won't get cold;0275--Adam_Stone--If_you_wear_gloves__your_hands_won_t_get_cold_.mp3;
Це шкіряні рукавички чи просто тканинні?;Are these leather gloves or just fabric ones?;0276--Nikhil___Young_Conversational_Voice--Are_these_leather_gloves_or_just_fabric_ones_.mp3;
Він носив капелюх, бо сонце було сильне.;He wore a hat because the sun was strong;0277--James_British_Professional_Smooth--He_wore_a_hat_because_the_sun_was_strong_.mp3;
Капелюх - це частина одягу, яку ви носите на голові.;A hat is a piece of clothing you wear on your head;0278--Bravefart--A_hat_is_a_piece_of_clothing_you_wear_on_your_head_.mp3;
У Великій Британії жінки часто носять вишукані капелюшки на весіллях.;In the UK, women often wear fancy hats at weddings;0279--Rachel_M_Pro_British_Radio_Presenter--In_the_UK__women_often_wear_fancy_hats_at_weddings_.mp3;
Не забудь капелюх, надворі вітряно.;Don't forget your hat, it's windy outside;0280--Rachel_M_Pro_British_Radio_Presenter--Don_t_forget_your_hat__it_s_windy_outside_.mp3;
Якщо ви носите капелюх у приміщенні, деякі люди вважають це неввічливим.;If you wear a hat indoors, some people think it's rude;0281--Adam_Stone--If_you_wear_a_hat_indoors__some_people_think_it_s_rude_.mp3;
Чий це капелюх на столі?;Whose hat is this on the table?;0282--Samara--Whose_hat_is_this_on_the_table_.mp3;
Він одягнув куртку й пішов на роботу.;He put on his jacket and left for work;0283--Lucy_Fresh___Casual--He_put_on_his_jacket_and_left_for_work_.mp3;
Куртка -це коротке пальто, що зазвичай досягає талії або стегон.;A jacket is a short coat, usually reaching the waist or hips;0284--Mia_Moore_Studio_Presenter--A_jacket_is_a_short_coat__usually_reaching_the_waist_or_hips_.mp3;
У Британії люди часто носять куртки навіть літніми вечорами.;In Britain, people often wear jackets even in summer evenings;0285--Allison_inviting_and_velvety_British_ac--In_Britain__people_often_wear_jackets_even_in_summer_evenings_.mp3;
Вона купила елегантну куртку для своєї нової роботи.;She bought a smart jacket for her new job;0286--Shelley_Clear_and_confident_British_fe--She_bought_a_smart_jacket_for_her_new_job_.mp3;
Якщо твоя куртка намокне, повісь її сушитися.;If your jacket gets wet, hang it up to dry;0287--Oracle_X--If_your_jacket_gets_wet__hang_it_up_to_dry_.mp3;
Чи пасує ця куртка до моїх штанів?;Does this jacket go well with my trousers?;0288--Grandfather_Joe_Gentle__warm___wise--Does_this_jacket_go_well_with_my_trousers_.mp3;
Він завжди носить джинси на вихідних.;He always wears jeans at the weekend;0289--George--He_always_wears_jeans_at_the_weekend_.mp3;
Джинси — це штани, зроблені з міцної бавовняної тканини.;Jeans are trousers made of strong denim cloth;0290--Elizabeth_Professional_British_Narrator--Jeans_are_trousers_made_of_strong_denim_cloth_.mp3;
Багато британських шкіл дозволяють джинси лише в дні без форми.;Many British schools allow jeans only on non-uniform days;0291--Allison_inviting_and_velvety_British_ac--Many_British_schools_allow_jeans_only_on_non_uniform_days_.mp3;
Вона купила пару синіх джинсів на розпродажі.;She bought a pair of blue jeans in the sales;0292--Rachel_M_Pro_British_Radio_Presenter--She_bought_a_pair_of_blue_jeans_in_the_sales_.mp3;
Якщо твої джинси занадто довгі, їх можна підвернути.;If your jeans are too long, you can roll them up;0293--Blondie_Conversational--If_your_jeans_are_too_long__you_can_roll_them_up_.mp3;
Скільки пар джинсів у тебе є?;How many pairs of jeans do you have?;0294--George--How_many_pairs_of_jeans_do_you_have_.mp3;
Вона ходила в легінсах й довгому светрі у спортзал.;She wore leggings and a long jumper to the gym;0295--Archer--She_wore_leggings_and_a_long_jumper_to_the_gym_.mp3;
Лосини — це обтягуючі штани, зазвичай зі стрейчової тканини.;Leggings are tight trousers, usually made of stretchy material;0296--Emmaline_young_British_girl--Leggings_are_tight_trousers__usually_made_of_stretchy_material_.mp3;
Багато дівчат у Британії носять лосини як частину спортивної форми.;Many girls in the UK wear leggings as part of their PE kit;0297--Oracle_X--Many_girls_in_the_UK_wear_leggings_as_part_of_their_PE_kit_.mp3;
Ці лосини занадто тонкі для зими.;These leggings are too thin for winter;0298--Nikhil___Young_Conversational_Voice--These_leggings_are_too_thin_for_winter_.mp3;
Якщо твої лосини зручні, у них можна навіть подорожувати.;If your leggings are comfortable, you can even travel in them;0299--Maty___Storyteller--If_your_leggings_are_comfortable__you_can_even_travel_in_them_.mp3;
Лосини дозволені у твоїй школі чи тільки спортивні штани?;Are leggings allowed at your school, or only tracksuit bottoms?;0300--Oracle_X--Are_leggings_allowed_at_your_school__or_only_tracksuit_bottoms_.mp3;
Вона одягла намисто з перлин на офіційну вечерю.;She wore a pearl necklace at the formal dinner;0301--Eastend_Steve--She_wore_a_pearl_necklace_at_the_formal_dinner_.mp3;
Намисто — це прикраса, що ти носиш навколо своєї шиї.;A necklace is jewellery that you wear around your neck;0302--Adam_Stone--A_necklace_is_jewellery_that_you_wear_around_your_neck_.mp3;
Солдати іноді носять ланцюжок з ідентифікаційним жетоном.;Soldiers sometimes wear a necklace with an ID tag;0303--Ayinde___young_British_Nigerian--Soldiers_sometimes_wear_a_necklace_with_an_ID_tag_.mp3;
Він купив їй золоте намисто на річницю.;He bought her a gold necklace for their anniversary;0304--Shelley_Clear_and_confident_British_fe--He_bought_her_a_gold_necklace_for_their_anniversary_.mp3;
Якщо намисто занадто важке, воно незручне.;If the necklace is too heavy, it's uncomfortable;0305--Rachel_M_Pro_British_Radio_Presenter--If_the_necklace_is_too_heavy__it_s_uncomfortable_.mp3;
Він подарував їй діамантову каблучку, коли зробив пропозицію.;He gave her a diamond ring when he proposed;0307--Samara--He_gave_her_a_diamond_ring_when_he_proposed_.mp3;
Каблучка — це прикраса, яку носять на пальці.;A ring is a piece of jewellery that you wear on your finger;0308--Bravefart--A_ring_is_a_piece_of_jewellery_that_you_wear_on_your_finger_.mp3;
У Британії люди зазвичай носять обручки на лівій руці.;In the UK, people usually wear wedding rings on the left hand;0309--Emmaline_young_British_girl--In_the_UK__people_usually_wear_wedding_rings_on_the_left_hand_.mp3;
Боксер вийшов(зробив крок) на ринг перед боєм.;The boxer stepped into the ring before the fight;0310--Bradford--The_boxer_stepped_into_the_ring_before_the_fight_.mp3;
Якщо твоя каблучка занадто маленька, воно може поранити палець;If your ring is too small, it can hurt your finger;0311--Shelley_Clear_and_confident_British_fe--If_your_ring_is_too_small__it_can_hurt_your_finger_.mp3;
Де ти купив ту срібну каблучку?;Where did you buy that silver ring?;0312--Allison_inviting_and_velvety_British_ac--Where_did_you_buy_that_silver_ring_.mp3;
Він носив сандалі на пляжному відпочинку в Іспанії.;He wore sandals on the beach holiday in Spain;0313--Allison_inviting_and_velvety_British_ac--He_wore_sandals_on_the_beach_holiday_in_Spain_.mp3;
Сандалі — це легке взуття, відкрите зверху й з боків.;Sandals are light shoes that are open at the top and sides;0314--Oracle_X--Sandals_are_light_shoes_that_are_open_at_the_top_and_sides_.mp3;
У Британії люди зазвичай носять сандалі лише влітку.;In Britain, people usually wear sandals only in summer;0315--Jane--In_Britain__people_usually_wear_sandals_only_in_summer_.mp3;
Вона купила шкіряні сандалі на базарі.;She bought leather sandals at the market;0316--Blondie_Conversational--She_bought_leather_sandals_at_the_market_.mp3;
Якщо твої сандалі нові, вони можуть натирати ноги.;If your sandals are new, they might rub your feet;0317--Elizabeth_Professional_British_Narrator--If_your_sandals_are_new__they_might_rub_your_feet_.mp3;
Чи вчителі дозволяють (носити) сандалі у вашій школі?;Do teachers allow sandals at your school?;0318--Nikhil___Young_Conversational_Voice--Do_teachers_allow_sandals_at_your_school_.mp3;
Вона одягла вовняний шарф, бо було вітряно.;She put on a wool scarf because it was windy;0319--Katie_X_Call_Center_English_Female--She_put_on_a_wool_scarf_because_it_was_windy_.mp3;
Шарф — це шматок тканини, який носять на шиї для тепла чи моди.;A scarf is a piece of cloth you wear around your neck for warmth or fashion.;0320--Bradford--A_scarf_is_a_piece_of_cloth_you_wear_around_your_neck_for_warmth_or_fashion_.mp3;
Футбольні фанати часто носять шарфи у кольорах своєї команди.;Football fans often wear scarves in their team colours.;0321--Allison_inviting_and_velvety_British_ac--Football_fans_often_wear_scarves_in_their_team_colours_.mp3;
Він обмотав шарф щільно навколо шиї.;He wrapped the scarf tightly around his neck;0322--Archer--He_wrapped_the_scarf_tightly_around_his_neck_.mp3;
Якщо забудеш шарф, застудишся.;"If you forget your scarf, you'll catch a cold.";0323--Katie_X_Call_Center_English_Female--If_you_forget_your_scarf__you_ll_catch_a_cold_.mp3;
Де ти купив той тартановий шарф? Він виглядає дуже по-шотландськи!;Where did you buy that tartan scarf? It looks very Scottish!;0324--Nikhil___Young_Conversational_Voice--Where_did_you_buy_that_tartan_scarf__It_looks_very_Scottish_.mp3;
Він одягнув боксерські рукавички для тренування.;He wore boxing gloves for the training.;0325--Archie_English_teen_youth--He_wore_boxing_gloves_for_the_training_.mp3;
Він одягнув білу сорочку й краватку на співбесіду.;He wore a white shirt and a tie to the interview.;0326--Ayinde___young_British_Nigerian--He_wore_a_white_shirt_and_a_tie_to_the_interview_.mp3;
Сорочка — це одяг із комірцем, рукавами та ґудзиками.;A shirt is a piece of clothing with a collar, sleeves and buttons.;0327--Ayinde___young_British_Nigerian--A_shirt_is_a_piece_of_clothing_with_a_collar__sleeves_and_buttons_.mp3;
У багатьох британських офісах чоловіки повинні носити сорочку щодня.;In many British offices, men have to wear a shirt every day.;0328--Mia_Moore_Studio_Presenter--In_many_British_offices__men_have_to_wear_a_shirt_every_day_.mp3;
Вона купила нову футбольну футболку в кольорах своєї команди.;She bought a new football shirt in her team's colours.;0329--Bravefart--She_bought_a_new_football_shirt_in_her_team_s_colours_.mp3;
Якщо не прасувати сорочку, вона виглядає неохайно.;If you don't iron your shirt, it looks messy;0330--Johnny_Kid_Serious--If_you_don_t_iron_your_shirt__it_looks_messy_.mp3;
Скільки сорочок у твоїй шафі?;How many shirts are in your wardrobe?;0331--Mia_Moore_Studio_Presenter--How_many_shirts_are_in_your_wardrobe_.mp3;
Взуття — це речі, які носять на ногах, зазвичай із шкарпетками.;Shoes are things you wear on your feet, usually with socks.;0333--Grandfather_Joe_Gentle__warm___wise--Shoes_are_things_you_wear_on_your_feet__usually_with_socks_.mp3;
У британських школах чорне взуття часто є частиною форми.;In British schools, black shoes are often part of the uniform.;0334--Archie_English_teen_youth--In_British_schools__black_shoes_are_often_part_of_the_uniform_.mp3;
<div>Вона взула кросівки для бігу до спортзалу</div>;She wore running shoes to the gym.;0335--Ayinde___young_British_Nigerian--She_wore_running_shoes_to_the_gym_.mp3;
Якщо твої черевики мокрі, постав їх біля батареї сушитися.;If your shoes are wet, put them near the radiator to dry;0336--Allison_inviting_and_velvety_British_ac--If_your_shoes_are_wet__put_them_near_the_radiator_to_dry_.mp3;
Це взуття тобі підходить, чи воно замале?;Do these shoes fit you, or are they too small?;0337--Ayinde___young_British_Nigerian--Do_these_shoes_fit_you__or_are_they_too_small_.mp3;
Він носив шорти й футболку у спекотний день.;He wore shorts and a T-shirt on the hot day.;0338--Emmaline_young_British_girl--He_wore_shorts_and_a_T_shirt_on_the_hot_day_.mp3;
Шорти — це короткі штани, що закінчуються вище коліна.;Shorts are short trousers that end above the knee.;0339--Mia_Moore_Studio_Presenter--Shorts_are_short_trousers_that_end_above_the_knee_.mp3;
На шкільних уроках фізкультури хлопці зазвичай носять шорти.;At school PE lessons, boys usually wear shorts.;0340--Elizabeth_Professional_British_Narrator--At_school_PE_lessons__boys_usually_wear_shorts_.mp3;
Вона купила нові велосипедні шорти для тренування.;She bought new cycling shorts for training.;0341--Axell_British_YouTube_Personality--She_bought_new_cycling_shorts_for_training_.mp3;
Якщо носитимеш шорти взимку, замерзнеш!;If you wear shorts in winter, you will freeze!;0342--Samara--If_you_wear_shorts_in_winter__you_will_freeze_.mp3;
Ці шорти занадто довгі чи якраз підходять за розміром?;Are these shorts too long or just the right size?;0343--Alexander--Are_these_shorts_too_long_or_just_the_right_size_.mp3;
Вона вдягла чорну спідницю з блузкою.;She wore a black skirt with her blouse.;0344--Blondie_Conversational--She_wore_a_black_skirt_with_her_blouse_.mp3;
Спідниця — це одяг для жінок або дівчат, який звисає від талії.;A skirt is a piece of clothing for women or girls that hangs from the waist.;0345--Elizabeth_Professional_British_Narrator--A_skirt_is_a_piece_of_clothing_for_women_or_girls_that_hangs_from_th.mp3;
У багатьох британських школах дівчата носять спідниці як частину форми.;In many British schools, girls wear skirts as part of the uniform.;0346--Lucy_Fresh___Casual--In_many_British_schools__girls_wear_skirts_as_part_of_the_uniform_.mp3;
Вона купила літню спідницю з квітами.;She bought a summer skirt with flowers on it.;0347--Blondie_Conversational--She_bought_a_summer_skirt_with_flowers_on_it_.mp3;
Якщо спідниця занадто коротка, її можуть не дозволити в школі.;If the skirt is too short, it may not be allowed at school.;0348--Bravefart--If_the_skirt_is_too_short__it_may_not_be_allowed_at_school_.mp3;
Спідниця була з бавовни чи вовни?;Was the skirt made of cotton or wool?;0349--Archer--Was_the_skirt_made_of_cotton_or_wool_.mp3;
Він одягнув чисті шкарпетки перед роботою.;He put on clean socks before going to work.;0350--Allison_inviting_and_velvety_British_ac--He_put_on_clean_socks_before_going_to_work_.mp3;
Шкарпетки — це елемент одягу, який носять на ногах, всередині взуття.;Socks are pieces of clothing that you wear on your feet, inside shoes.;0351--James_British_Professional_Smooth--Socks_are_pieces_of_clothing_that_you_wear_on_your_feet__inside_shoes_.mp3;
Британська шкільна форма зазвичай включає чорні або сірі шкарпетки.;British school uniforms usually include black or grey socks.;0352--Ayinde___young_British_Nigerian--British_school_uniforms_usually_include_black_or_grey_socks_.mp3;
Вона купила кольорові шкарпетки з мультяшними героями.;She bought colourful socks with cartoon characters.;0353--Axell_British_YouTube_Personality--She_bought_colourful_socks_with_cartoon_characters_.mp3;
Якщо твої шкарпетки мокрі, швидко їх поміняй.;If your socks are wet, change them quickly.;0354--James_British_Professional_Smooth--If_your_socks_are_wet__change_them_quickly_.mp3;
Куди ти подів свої футбольні гетри?;Where did you put your football socks?;0355--Katie_X_Call_Center_English_Female--Where_did_you_put_your_football_socks_.mp3;
